,,sgdclsf,logreg
spacy_lemmatization,bow,0.681334561221749,0.6661036928642563
spacy_lemmatization,tfidf,0.7018425135176309,0.6739823947425025
spacy_lemmatization,w2v,0.10882352941176472,0.5308501985186089
spacy_lemmatization_rm_stopwords,bow,0.6839544768956535,0.6741752691752692
spacy_lemmatization_rm_stopwords,tfidf,0.6691720791890508,0.6545059021256161
spacy_lemmatization_rm_stopwords,w2v,0.30767295597484273,0.5199201555802073
