,,sgdclsf,logreg,catboost
spacy_lemmatization,bow+tfidf+w2w,0.7224939089337887,0.7363504602412707,0.7221482045830482
custom_cleaning,bow+tfidf+w2w,0.708319526569787,0.7279462585734112,0.707574295674506
