,,sgdclsf,logreg,catboost
spacy_lemmatization,fasttext_pretrained,0.7445115851957821,0.7559447542263482,0.7540138299609019
spacy_lemmatization,bow+tfidf+w2w,0.7043091114064841,0.7335239894825529,0.7204251200166331
custom_cleaning,fasttext_pretrained,0.7546720744259255,0.7568104635940525,0.7753161559115813
custom_cleaning,bow+tfidf+w2w,0.6948615353767339,0.7270558915803004,0.7181573280901422
